immune_level,hypoxia_level,growth_rate,stromal_density,angiogenesis,drug_response
46.217808319315374,65.85293712157961,33.884969662896474,46.33572495953526,38.31939786151342,0
86.55000144869413,52.88770930752963,60.64257105337686,43.54273143408117,37.28851593503999,0
71.23957592679835,34.76220930290622,85.47093769073062,11.794944606450498,83.43782063647257,1
61.90609389379256,75.10360157655589,74.91686648071709,33.887347933830945,37.46823398946543,0
30.921304830970556,64.77849380431034,80.49208608960873,36.613693315009996,39.03648082900417,0
30.919616423534187,23.009355147591304,69.4087525033038,37.91759466278303,73.15787836925746,0
24.06585285177396,82.8741747595074,71.92074233883893,50.61206584591326,51.481788971537796,0
80.63233020424546,75.80297943385352,83.68967386739894,47.352178270881495,74.36973898686269,0
62.078050822024615,85.98399306335392,38.72510066443894,52.553356495541124,24.575631029506965,0
69.56508044572318,68.0575606710688,56.70687227323553,63.541828307948975,54.1299835571369,0
21.440914600706172,59.07321567486319,36.59070813647017,66.90900171012655,22.352952012829785,0
87.8936896513396,43.45944290324951,94.07510059974852,60.268615335854605,24.38572424187482,0
78.27098485602951,84.61827866832107,90.804450476496,76.88665871684543,83.45062173410876,0
34.863737747479334,79.28511116003267,22.957010852637943,11.276280787345314,29.74717597823166,0
32.72774770449704,13.617493608495153,72.91813793867664,23.704458997848228,57.2694477592652,0
32.83831568974037,12.10935795978016,89.39362380617494,10.529401248469949,48.77669218204946,0
41.29695700716764,40.117069350243966,33.543150884550016,55.32322999082221,44.31403283811899,0
56.73295021425665,74.84426646254663,62.59589229144721,72.86213842649909,82.98833419810907,0
50.2361513049481,88.98209034519556,88.66162231910315,27.04376076034095,21.527637774284266,0
40.386039813862936,22.033351288282255,22.545948393934914,74.89241813574147,66.46527803229124,0
62.829702630566565,57.53045722817081,72.30652004351299,14.21871732026926,87.43761039494854,0
29.76457024564293,40.47126853048172,42.3011755529413,75.410521876386,59.211772842328934,0
40.45012539746527,87.59315182516826,89.32971465323978,34.61358810677441,85.57757234231643,0
45.645329030558415,77.36951385085669,92.82936838740258,17.099457991445156,23.658051550021664,0
51.92489889519251,77.06629637689103,90.81998668350754,44.01102314304279,49.31553233519129,0
74.96231729751095,47.49545278359762,55.566066249309785,27.974359740435556,38.21104536734358,0
33.97716475108518,43.185560187013216,84.65319882419851,29.941103137334597,71.15746754865108,0
55.996410688952814,31.8725657544565,83.34120489013029,31.51029754484006,88.69079633480726,0
61.46901982034297,14.51003973207417,43.932535493244174,66.21181284828644,37.957104371097344,0
23.25152889039984,79.17779010040425,82.16866056130081,47.74128936726781,65.79222210318521,0
62.528139633100686,75.03208073040621,22.775572603661946,31.791538940920255,33.86683429318181,0
31.936688658110405,89.97741386289044,64.72024088615399,52.723364831764286,59.57311782001269,0
24.553611508969567,89.73094696591244,37.25066279657773,60.13054719562355,52.47527406818353,0
86.42198760773333,54.434536448210196,29.04251643329591,29.083680051347365,88.0403730742076,1
87.59424231521916,71.51899321444084,25.771490122190688,38.948437106774605,62.59690908875266,0
76.58781436815228,85.58125839059424,72.22165819086048,18.53202653358633,44.46544604607732,0
41.32296384213595,77.97179125419292,45.49062228260496,22.680454467427623,27.986704942155335,0
26.83704798044687,29.78784813945581,74.35750786465711,57.6782497775488,30.58727801144542,0
67.89631185585098,46.04353082480748,24.901725559920678,22.700684338693886,35.772185096586455,0
50.81067456177209,20.3327532121196,43.64677533729578,46.76143685669421,37.567666293820864,0
28.542676439134517,86.32408218069779,60.461846928150294,59.633238320570285,79.54312404887965,0
54.66238370778891,58.493970756070404,79.30423736292227,17.48138461663207,59.28559517977674,0
22.407196478065288,28.29142444027702,43.90643771990524,49.71185537402325,56.63736379620565,0
83.65242814551475,63.73605475246854,66.94185323277569,27.959394859095465,28.033821030845225,0
38.11459871200118,59.450259236631666,86.44833111771403,77.40488126663058,80.20977853446044,0
66.37655990477873,38.65301744262724,66.18973911367284,43.84819527039473,70.59700122459387,0
41.819775326258764,19.08460737597032,37.47196060652253,66.41947848426108,24.73678533300011,0
56.40476148244676,63.72585564742397,21.830058616740352,48.515857950938326,69.5484568060838,0
58.26971955402958,51.62461607230347,85.25741554256975,13.038877299837342,58.04767521398522,0
32.93981188678689,71.78547133885115,21.595205813779035,54.320596291581566,25.720774202274477,0
87.8709239435191,51.61308008895947,85.60262545131495,76.598233954466,52.08104490700595,0
74.25929763527802,78.1745200254832,59.670285052040896,52.112827410243185,53.92874009910329,0
85.76492590949324,54.152547101958845,90.43007738846721,67.34322015987532,31.6042178114293,0
82.63791452993541,54.8750377228309,79.90874268302491,71.89445243438854,86.19887029001976,0
61.85299851677596,80.1322882126676,94.84505829000031,25.965584036425273,79.49827600364634,0
84.53119645161817,42.27862929699177,46.30338615887826,24.843138793575864,66.83156361303759,1
26.194475143634364,20.72121827605126,77.53912166983451,52.76866921956942,52.360689270042506,0
33.718800369340165,12.302614105067118,50.144818520693164,38.771992886469334,48.82358791091559,0
23.165910223737665,70.41098045388952,55.990671522793164,68.79029120067042,65.5681427005668,0
42.7731231534285,59.624764108277176,67.06290974137775,73.00161863786079,58.180230858483384,0
47.20741027826374,66.32638144793788,85.52578356397541,34.73949655119027,24.359117411731994,0
38.99443222417271,27.037132920712857,93.80626018994714,26.580939128213743,55.87518541392322,0
78.01162564063506,20.90971804694158,77.62050603983886,64.63678606707032,76.44825320629877,0
44.97273286855125,11.163573253430554,51.33250866255003,29.236422488369527,52.146791431787065,0
39.66541567811665,38.04700470452776,51.601775170780265,67.58300229595748,23.636960428798787,0
57.988725821077395,57.193414948370645,75.31867261916686,39.66167775541339,75.03947395688232,0
29.864695748233387,41.379523607978584,37.908285932622675,56.72849295040293,34.09546474951821,0
76.15378865278278,44.99799376189833,28.285558484854597,16.68747196842677,38.10345844216272,1
25.21854505758396,82.33269555949987,46.59666182305824,53.67015272736011,31.529444740260715,0
89.08208556203621,37.86043736186403,41.54292437405613,41.62373751160604,43.115054541004824,1
74.05713385076602,51.119159132784866,42.223109034199254,51.06259242228319,72.97260539820445,0
33.91009770739207,72.69224101929144,37.52058132874325,21.760994542140438,56.35701016527561,0
20.386548198652168,41.72342258570161,23.15698922272714,61.58116214609275,34.34168919054988,0
77.0822999918384,59.76693601822988,21.340545105006036,70.39579542802599,81.44810547064286,1
69.48001406933321,78.98909669973962,94.07917923020237,25.171786006354296,81.57072984660704,0
71.03050176286911,85.96164989261138,52.082985030189676,16.70001888641132,80.94048975322048,0
73.9889242680162,21.765878474323035,48.82449853697612,11.654701023243547,36.71573479670775,1
25.183125621386324,84.12701001291956,70.97354620198024,54.938005031028624,51.58675409266917,0
45.09260099809909,49.369303446363055,36.369041589879814,52.49658252621465,88.94927592986126,0
28.11083416675908,30.659551063916666,91.2470887962669,48.2688188899849,74.04087334169932,0
80.41723981129155,46.7308604990609,78.9758760811664,26.23629672811828,21.901719485789187,0
63.63086887792905,88.40260602283817,26.705825173419463,37.36341971338602,24.564321388234443,0
43.16286173968544,49.40944751942957,51.31855818386963,51.613343463032116,52.475196376863295,0
24.449084520021653,36.300128823000655,85.93387306716235,44.773680120141854,83.64541441030921,0
41.76876252009635,60.67206834533806,90.85490167185577,79.14498641504211,57.709125856689994,0
42.76283254187229,29.211649502255447,55.05511334374023,19.55078267897132,54.846875562400314,0
71.07243248366449,16.06906624869311,66.00585419080308,58.66011878333156,27.38315899696414,0
64.62902299486493,20.310377752851938,32.52754595690564,38.30231376730045,65.9746073307006,1
82.10489198034286,20.243667116621793,94.33764696027325,39.973973044793034,77.54722124201578,1
53.055044761336454,22.15221548098355,37.37537760375825,60.23184359607234,46.62940052552936,0
28.37159721568112,21.10617381195281,90.70488306013442,58.47053059270588,74.29282956477292,0
69.92713510560965,61.26997958425717,68.72349867442763,79.38791955915318,87.51336577305682,0
73.25495340318282,24.550406751931586,65.58025961591443,18.987600261788767,34.26365213893824,0
59.28940382986474,37.65338266590906,58.45163832623815,17.287675456891645,56.63307418363189,0
73.96770259681927,81.74307279248094,37.3002358788319,60.703717199011884,40.09965706592028,0
54.56569174550735,47.916931221029785,33.23960240041312,50.487084190448634,75.49980933236876,0
56.59129805673958,63.40461908168217,36.53646568026315,29.19124665918641,60.43153561168103,0
49.927871285098476,23.785589696130387,33.98286966081909,15.559355829229062,64.42076922852127,1
21.77933887208666,25.383121504693662,78.4688355175065,15.996077471750137,75.85399117311258,0
27.552399889531312,13.269489301318309,46.25939443750475,72.59336122648827,47.71793308637184,0
22.200042998071396,23.514805045773166,24.338200742254728,23.430712730312003,84.05630478849302,1
64.54872878846463,32.287227122556686,92.68269726056084,32.63600934808645,57.3120207072298,0
42.004918675342864,24.160838742139745,86.28394137225693,25.86594815588916,31.05683759847436,0
55.599948381529195,17.096202700564447,89.58142123964097,34.849741408235616,68.71293827181617,0
83.5296531748265,19.650869688048065,94.61808669848264,14.859668992226535,75.52829453067781,1
37.450456040421244,46.86230144261806,33.04214369146155,46.334185363578925,42.173317394726865,0
48.72680461249408,26.5066974724634,49.7181514176994,14.732879451455043,80.0025479899127,1
72.88857969801342,39.14158888384604,76.86788567780684,66.02495554756531,83.43002783360365,0
36.015871584413574,50.27338166838855,72.20154635403442,26.35984573373031,39.38331411644663,0
25.38859368801551,65.23158629034923,31.54219297548913,47.80083402231574,88.84650309006554,0
40.28260170396376,13.144971187287915,81.18748437429633,71.60553612930208,29.849806963413087,0
31.28549010778031,73.95283191272341,36.83304288774955,55.56141583330359,34.141096788174295,0
85.07883566398012,60.23203115927262,36.78632111169673,47.307045058593474,32.89573874666183,0
76.56842656950919,16.540722555909753,60.273081717006015,32.70336271807629,82.57927970055093,1
64.33826295572965,79.88628992854218,64.47049511312774,33.31013391407386,65.80047866274734,0
81.00224131314025,83.66979204254505,63.50646558783584,56.86408686387331,30.647299825559102,0
76.257045382938,14.8862367883891,26.861512804831616,79.58975528548173,50.82263928578443,1
33.05990412202251,32.1502118517763,85.80956469727853,56.328743289456504,63.07086175488614,0
82.47912989429844,74.4961023834449,39.920003194152955,49.044839215901746,25.84248594925683,0
57.75395693409555,69.86077523069267,29.713619096210312,61.145535716747226,81.76914578851371,0
76.52081086148438,24.761681548510186,86.65610599017329,42.56439285986027,76.25224748090747,0
82.72639099464453,26.747945866936824,91.67386236723151,14.209963982054965,55.36447415036468,0
42.26024324803047,39.63776822331056,84.6595712949088,49.360777111453686,87.69886306814193,0
27.703634716937373,48.761838815281706,80.71370560436586,77.03376991537661,49.24326854925698,0
35.95546137793592,59.460381722423676,69.14314854792663,22.271205965036174,88.88772233255484,0
49.89754520383794,39.51309116558179,61.31430279568545,58.3003423574466,66.7543999162539,0
77.26103361457452,47.002777290651835,26.524006993355762,24.065358206133954,64.4269891277759,1
80.25114082794404,69.79767505070052,50.6339909803024,47.50793791311569,31.616842670704948,0
20.48664913718335,12.934656231247832,47.95163877592355,16.767351475270374,81.73494308132507,0
55.7523111804296,30.19495554752166,39.48153378202447,41.52596553807296,49.92427815444306,0
49.21877022041453,67.0679668707642,74.25650852664387,62.93143302266722,31.356338404773552,0
35.54754673295112,81.61654701497595,57.19068013090781,34.330006696728745,20.88252639830313,0
28.390575713357798,50.93419536925329,26.078466193073595,56.54382071410526,59.18289785468678,0
43.63306199825396,52.569078821225254,36.51374014623585,65.68149725528104,56.91797354858734,0
86.00367927387634,18.573760907182084,71.2444072744697,74.90244736356169,70.3547535658411,1
42.62420524145287,45.79298934587637,25.709814461772513,26.42494572988175,82.31806371124614,1
56.315343522035626,52.60938131640185,83.84051855365766,37.95211410665157,25.558460925012067,0
69.21132712266245,29.397640290778373,57.13598952604807,20.66912093312922,71.20475432382537,1
45.454072166550574,31.539458475950475,56.0439932994986,79.47384515108627,33.118836086830754,0
88.02474579046725,40.18273304836981,64.43058384946383,74.89006775470067,80.07239372100148,0
87.37131064594779,11.60569582221811,81.85107244438619,47.79699911963917,77.33444597031593,1
37.62476070777549,35.76633324665426,46.08569059266448,68.94233060634949,57.85556284898811,0
54.80739541246698,26.91584055972357,70.85121144192976,46.467058409042956,69.71699590363181,0
41.06148168717388,36.19978817423317,62.42989729968433,53.65099816019318,42.00450792286239,0
39.93883460642273,19.580970545540097,40.0271202627066,16.238710248121162,52.98175292529702,0
22.582086314817296,81.2421824591916,85.89724897663685,62.868929434776554,77.51458283973301,0
62.66950337859278,57.48739628432389,79.80695162051961,18.93994385446644,52.148563802124976,0
55.1875316260203,64.32818553155917,69.38388759938192,67.824734117677,45.04587857278092,0
23.603512587499253,73.13369908858706,83.79362968206814,64.741966136927,54.59487130752099,0
39.505252496562804,49.87537591432458,85.04706507198517,59.61212884200835,77.97744767060529,0
83.57861201766576,16.953623046993897,73.12722325362762,12.531226636733347,43.46456331596109,1
36.769332346688074,52.968523345483824,82.77599962727541,31.218984916173003,32.16331151950207,0
30.142641046385616,56.94728944167033,72.31035962519627,28.417879893759,69.84098142315466,0
54.26169321942941,69.6351579347464,71.01055788202254,35.20954852300633,77.81847488956572,0
88.99553178774205,44.53276369837435,66.39585336613882,16.134992273468697,27.044623496647333,0
36.94386900580503,20.2064242236451,76.4537479668231,75.5870476121744,36.79118789291613,0
67.0494883184115,32.702072463897956,31.89538289698053,48.76615684986634,29.938039283269575,0
73.31337307301024,39.046583711890804,86.06530693991964,31.386701746061647,44.35589881075167,0
36.63462807946797,61.6733793065281,85.3882645808924,37.788706195199836,51.52456852337889,0
70.97514440283017,55.662264373512954,22.193546227591938,41.30417783533849,72.41784358743146,1
45.74481929034772,38.4877380718277,81.9362562923572,52.04160333524321,65.5803309417172,0
64.26140814155056,88.92121990343837,29.66524006050839,46.09755993875484,63.46499972349018,0
64.34707975326262,58.46198554855097,45.13391406943565,74.35743812500921,44.66624626267581,0
57.50422788523309,28.97814333887956,75.76311922187058,44.78744380340812,78.9013287159332,0
26.32028390380858,18.1425978096323,32.05699220362312,79.45106103763189,52.99010171787152,0
78.47117469124666,22.22873113474656,81.34752680892967,69.59974704215671,88.53734566106081,1
42.45460454802151,29.67661827076065,82.41006334683064,24.595736005013507,64.38994968070158,0
33.0562957279898,22.854509860764452,58.060080032062714,75.14166502507413,28.83853190951519,0
22.854259908833473,24.92536192410446,20.47894037876252,18.145647851983327,67.33242934528039,0
61.36250602317693,32.807613495507766,41.52785998811846,67.22147959438341,42.75728108021893,0
67.42950532895978,23.869887623580386,66.26951887818066,36.6436305433606,68.04290376802682,1
21.16114802494993,81.74123397011401,93.58896335205677,71.45820243115486,24.874880371368402,0
55.84651408094967,16.418699652931377,67.38601452625014,70.76396830752152,32.24170060231716,0
35.85470426385566,51.960911165620374,39.48526857981199,66.41477800823348,79.90160812340504,0
65.1620953286615,42.83174615917292,67.55042773247085,65.3021305414943,35.90256899164604,0
32.2056500303494,88.59028935268852,60.49890347868916,31.327539736862853,78.5928787670058,0
68.36564166717261,18.963112173444188,78.48840463633577,15.664349813587652,39.54932619180873,0
47.07147424103762,41.82844792365933,28.023547912021883,38.208612513561306,65.00173370410954,0
85.57109921157142,87.55763466202951,77.0770926876521,22.146716049055605,68.59054014568818,0
29.626466090219527,79.24057007151842,60.59499340070827,58.64657622317232,55.88583272015371,0
43.8746445735181,75.3657656759424,92.2244002894246,34.22698085764499,41.37174736877119,0
27.943146486841236,30.632226163595185,45.64041245290146,78.29271406019404,34.88510634597673,0
84.7285532794994,23.671006991205267,67.44664198504611,54.86804541417324,22.323254819369836,0
81.41375473666866,63.49145759395448,89.90210791325131,67.57363945440527,41.27624808685067,0
38.05591394006089,84.35007913020686,27.688229599300946,19.276727091929388,65.72139533718982,0
66.19888322239254,54.541031441114384,90.29213654273383,70.34101375908358,85.68133729139379,0
77.20555401408511,55.72901515759199,71.59142917256099,74.59300333593761,80.98431375841363,0
58.864056811962364,32.39832749282273,25.087779432887892,44.09433431732551,73.62453435747119,1
57.07554048492045,71.55943465535495,42.57226752101122,52.43770564256842,75.19131402773091,0
36.929660363031616,24.96349988460187,73.11290664839612,63.53668606320968,66.54894324331967,0
26.517193746412943,35.89433891233949,25.051295110157877,22.238703908228878,38.220080029620206,0
82.80510305673288,44.034915089313344,63.662784513220494,45.17962535244097,83.50365214940808,1
83.02926400143313,50.6088302947564,45.941229271471755,37.906411944061915,66.95126183340838,1
64.31710200912875,29.39277859320642,66.56866383256079,20.24617945135744,59.230844168630796,0
43.73208537340905,19.186945979136283,23.430652535938464,35.727409560407196,27.769262844943675,0
44.44467022288626,58.849603395330604,85.36526046142822,14.77206165698455,51.29388806644978,0
70.81689752091675,33.09044425922046,93.01167268830477,11.80683348646409,52.22507898413484,0
82.79771819668039,56.49905771380898,92.66583914642686,19.461640240837593,80.5194526665869,0
82.0960496985582,22.349017221936187,76.22388738071936,77.41805781124216,58.26537541314519,0
74.59128821003367,48.4912081483854,29.7564680097974,48.467067512651184,46.62803842792867,0
64.94221523080014,52.60715460412687,76.8697396946767,77.6075512807254,88.37602299574615,0
25.88979754965342,14.145882945794153,21.844018734410113,40.27485148310924,27.750441532842096,0
31.314009986622963,36.92834225551365,21.659266364674792,31.827129315968172,49.578389981836125,0
82.89879319689555,20.75317415511794,44.270766436215595,45.429930398817085,22.94172726199837,0
62.45003417617129,15.06999763782142,56.648239280349934,40.76581820430371,71.79328845368512,1
20.643793613164075,89.19681859119562,77.78055633558449,17.396527898322073,84.26535865394054,0
27.103008000622246,35.788307597977834,71.24715324548788,54.85784202831444,39.60261306853426,0
66.4451238375639,74.7899556683708,53.44270297825612,25.122672775671973,80.08391737593846,0
20.35431086923531,30.371252381101108,40.52199997112494,53.37115684284807,40.45527613233284,0
31.256563599224904,64.52021777791434,94.78433751182834,55.51407646787074,83.75391131507406,0
58.41136525566103,70.81822879117493,51.96359766769797,20.64173971900537,72.77733325177488,0
68.43266383848854,57.651099248627546,53.85402682472566,14.294473897746771,76.34347437890071,0
65.63728816518204,47.72609508401267,32.27178658937519,64.65331102479078,21.260458892031814,0
35.698851662239186,42.947273131781486,79.6107161562447,42.18602966385241,87.39672499518181,0
69.8525454943275,37.90946132343962,72.02616693361165,14.071465685383306,70.86696944492263,0
36.607436124776,84.36233153982607,36.55772095915703,79.6406422018837,41.33257667702934,0
42.77797887114874,76.44955262301833,26.178578421188202,14.044639269745664,78.05762654011929,0
72.25439835826168,87.20215285332101,71.03744765560347,58.65246602009872,39.706483889045096,0
65.47430293330503,19.943777878843576,69.08834107108514,78.85752476843895,81.09276876962895,0
79.44563873459245,68.46939801629154,40.4944645248657,26.742607295114794,27.88062732883559,0
66.03290246102404,85.06723654568303,91.31476716878078,19.95745580810373,69.2580184222557,0
59.781602233483014,24.498645293252814,31.329341883567515,18.496945759570025,57.848893365143724,1
26.55723374796647,15.3197013893422,52.42511007819515,31.229260329731687,26.757412913680856,0
45.74010621416035,69.28965194320472,90.77119401256992,17.07320677074527,36.932567978118726,0
38.564165737720785,55.95784905439295,51.47954876945917,58.451293918589236,20.868282539412036,0
37.07927503653585,77.34630214066176,67.88944607480641,14.36042586910439,52.81375758251541,0
88.11073883267119,21.18179013010316,49.81957984720957,45.65954897048528,41.08856825320002,1
47.51684072667323,73.62138494879122,40.566140176150256,79.76877976970837,61.885023900843116,0
82.44325886239793,26.130185603819562,93.79832359698712,66.97791886542132,40.80664653960321,0
64.1797038198084,23.09247542925636,50.700050473628224,53.06536067617076,40.994337805488925,0
75.6367912479154,23.141263834479435,87.05744027593508,31.43775345506282,72.02352391121224,1
55.184596517363445,75.16597761851057,37.24659544183146,53.672708540414696,23.369998518484742,0
60.383271923845136,63.21577765569601,35.98285280188125,46.89290247381562,83.2026496634391,0
54.47623856732047,51.845233981529546,22.33505621633835,39.82583687232601,79.6584712073827,1
33.66700914586312,38.7064387298802,68.87501190319138,19.149726371813962,66.74632782584845,0
70.57164806830536,80.17604326504866,47.63947577928209,72.06229506683266,61.5255099075169,0
39.654065370859904,41.395608593810834,84.82686873797277,41.484925417492576,82.46117486977565,0
21.702117650201767,75.32795515772617,55.49074300186679,23.623575827453557,32.97311256701001,0
65.18306071350175,45.13079268561747,92.61450709360413,35.74315456141027,25.527841353358003,0
32.39774755849343,40.155554353992606,33.91441367773409,38.989082677024896,36.76571189366767,0
85.832100904704,47.01438285356851,85.1467375966708,67.9276526896812,75.62047950901332,0
86.77500039018112,34.110229933131365,78.24476395938063,61.353006639298144,22.426918670853834,0
84.0405073154314,69.80875041410009,77.81913834830391,63.85134255489378,60.79647845584427,0
45.9111090178811,50.217631207398334,83.35874210876658,10.772188510005305,89.6806261333917,0
21.08196315702072,28.577015611745384,77.07679932072492,39.130779872583304,79.89872656862775,0
84.98229938114078,81.96596586196547,66.96652412235616,43.69409061447266,56.50119823305126,0
49.972890382212,40.711297709856915,29.843365826179067,11.343459377613968,24.454863650064965,0
87.66583733305687,53.48422888911909,22.439463461843893,28.186924612152396,78.1961460069997,1
87.45339839624769,82.51776887716376,89.06358858617651,63.22028761854945,61.928495572404735,0
79.71066188271521,59.93903967311937,66.24877358905536,19.597679401029936,28.04530979416968,0
40.611422444870996,19.351843256669127,79.74029682321321,47.47170920168141,26.570009937634936,0
46.956841002134766,85.18656988907802,56.11417636344125,25.064131041206625,83.67387736056148,0
79.57956700617999,60.216644245713425,28.798114172179588,10.84845422507253,66.8440184056655,1
42.18454036093944,36.79244917256689,29.388934415191283,26.884102031967902,78.05007595217289,1
31.864492268026474,21.141765813070982,71.41739654217285,78.31116284370377,81.52852301975872,0
58.97608837208451,73.52201514162368,52.2729421174597,66.10759783180927,60.02406464338256,0
85.53083419125467,59.60582047428108,35.039354502525256,77.17036510247233,56.221244622852886,0
68.7220857672481,52.67688735810572,56.86959100560777,44.149783074845374,50.12991872246931,0
59.90428190625555,81.51140664407662,24.815670280635057,17.681533907425244,42.18626114537835,0
26.8023545639538,73.08777689796246,63.64785514357991,48.35716422815851,50.42171726010982,0
63.05050586894188,22.133990378620094,40.17450533263232,41.80641341919726,74.17157590111094,1
89.30376950729843,34.93776542364386,79.81693254778912,69.10499579177312,62.13464017105921,0
29.80588106655668,29.87913118515726,43.277146919268034,16.865780654897122,82.47663029683923,0
56.283075665461574,69.51570340581415,54.14151118113509,44.176879591524475,51.03660100654314,0
81.41611503495687,12.68259477886235,20.87154049310755,20.5034065285789,62.49627051031278,1
71.85380324279431,55.59117478970532,25.433516584591917,32.7273148823042,64.19152871643921,1
68.79110186966875,70.99669485925524,49.43701673050136,61.61499541714598,61.41880136144279,0
69.17388587909764,80.14125094093995,55.99541260378426,43.32126905581366,69.18436411598614,0
45.16438058538286,37.366539897272595,65.00154110894778,36.31217996020385,36.620342786236435,0
40.55142909851453,75.70058437376103,41.87469340319774,37.61333949990247,55.86546442820534,0
76.65528088349595,18.850538956416578,72.1236414594907,42.16127378841907,27.295736196584336,0
76.70793762754266,77.71618333876145,84.50917978919034,64.95115806859398,46.91579293513688,0
80.69506230060726,20.199092986558593,78.48882416700124,72.4459282258164,54.13669480348851,0
83.92683867895299,41.78298324482938,22.971411901126785,76.87342805527499,65.65569816818308,1
55.793967920265644,73.78362926236429,56.03802104433717,65.08323703787066,86.53717368103425,0
55.10614062810397,21.993394187901902,27.869763381363114,32.07848270236089,62.04557465838491,1
75.88066252767426,28.340111618611317,38.15337618968956,58.16942942605795,72.05157413235918,1
65.49747515444356,67.7802054714453,93.99969449503598,40.63221868387743,55.43862416466419,0
69.13768140803924,67.60292292368595,30.687165717613492,27.82694354322358,64.3872821963432,0
75.70548686052707,61.29181063082378,57.4166115088517,68.86101055981459,24.965255129364138,0
82.30037392722964,65.515875557368,66.36168007385893,12.68984442736275,37.807410658929285,0
43.65966097960751,53.417955467807694,72.68487279080779,73.12333944947964,45.32971652435971,0
46.29080668479608,30.14392471255622,61.973651261518555,42.30342252373139,53.07453485045595,0
26.57873578886083,37.65567948031355,20.732813556438774,54.60410337657963,23.195412185166862,0
60.47960986973218,24.527817344114055,44.48459811829939,56.15477455440479,29.801686828732237,0
22.515959165771946,82.67604490669027,58.82837325385336,72.65824184945754,39.37700154539141,0
52.59186126927221,56.671343581289634,26.5899874358625,54.56687775170451,88.00728836307354,0
57.985124429530366,42.06811334109119,46.297019840688556,52.975350933204325,43.19429049721356,0
40.05788764897991,46.96046429153061,22.490233159352492,14.665642839248298,53.742874067845776,0
61.358328239830755,85.78266716894522,25.893387286626556,46.28856153616429,33.726839891687504,0
22.13501749573346,22.268112249286418,49.76924571511971,20.511830057192917,62.75460497530378,0
22.61437321244501,56.89838656134378,29.953681553229526,61.62036381050399,39.6478250861182,0
77.58203924617608,50.47109431075728,62.56556361961686,45.85553445688721,34.48948049068987,0
45.21334489878841,58.91633883477183,71.70987268529493,57.615944544584735,56.160083991218535,0
28.894235885631936,11.44881470566724,80.04400243318122,12.917103042166898,20.385405941229457,0
56.5570282038363,79.76991271553212,35.011268318360756,15.935441123206225,20.53648228544577,0
73.89954871690276,84.56946259868899,32.56119366943023,60.14263716438776,35.33481663713005,0
35.10747192477902,55.21065468713672,27.84258802508002,15.045903519907135,22.57049537505748,0
63.60233330733002,65.73206591015138,67.73226871577276,14.9879709435681,27.561802789148395,0
25.97432254956376,83.79995049418366,72.9856794865176,10.847593266442122,43.72024545371261,0
23.61772048180254,66.57909074507188,22.368960861923153,76.9550978809636,76.1809975705869,0
57.19482420977036,22.20312343314091,90.21591846827674,61.625585162130484,60.04340503585106,0
57.844458512707455,56.103068813345054,23.89784627386043,34.72759859514449,55.88674081694915,0
64.62009310487446,58.537203710628475,60.59722514758028,30.757490690135867,40.54421762456852,0
70.82639336058631,43.93045370419088,73.17953895881874,34.479226082209465,85.22276036029714,0
88.30964556237743,68.91553884997782,85.32268428095642,64.22574718268274,47.79105288660342,0
56.141024381083675,84.74936118152118,73.55651990993209,56.29594277492901,26.096493675704004,0
42.606953105887214,84.04548103254211,80.12960623023439,22.963689750722757,63.19465612824609,0
75.66303363380925,46.06714971233057,45.45876444071045,22.187653473385904,27.968687543362098,0
38.95825758834519,19.05904366726042,81.11188353098842,16.88769547993781,44.165619996118444,0
50.72799944939453,88.78729591698676,26.008613478850634,56.22119037909367,55.51883571024662,0
25.491946693958617,77.11184691567473,87.11124920453958,63.50608635552152,81.1955767279623,0
21.774552039082025,19.97301449626135,61.069428211530216,28.55324998275028,54.548260623808304,0
87.38538902745475,83.66735060938979,81.29733274718703,11.466147272163896,69.15811362221649,0
78.51860843585442,79.59170896497027,53.92387133887251,15.752016723349914,89.49717872993493,0
68.71819442655885,51.50704457008577,68.26832713973937,77.75020243915213,29.204238392858713,0
48.62670610899889,57.30203485959434,59.48019957020849,30.68113442341942,39.231206786366364,0
32.130602404959205,41.920216309610424,74.8692141316499,63.84562034866935,47.62032529183524,0
30.950592986976023,14.380931105762507,26.122248652294218,53.72644981979846,49.527972497718196,0
37.51700287152167,36.815779331672076,24.526406299292283,36.73577477570271,48.771475268588205,0
58.445866529428436,74.22827588784091,38.532742550760986,24.39810835368886,83.53277017895884,0
70.02171458900436,10.370561840368229,31.965851008489125,18.49704927115845,69.98228511267996,1
66.21381637024119,36.679933735291534,85.38376749441512,53.05090776272066,62.553364986349266,0
39.595372786216004,41.85349548727547,36.44104905185333,64.22436464464516,41.65609025039475,0
86.84056964642359,52.99164823503383,93.18989418643484,55.073297747879145,77.66532689549064,0
71.65278416870379,83.58844931302085,45.26718438283301,47.12114932744108,86.85423580394922,0
58.80478367579805,37.707679549276904,33.658843676652445,12.936585640214538,77.48387977851586,1
62.820452236404655,37.75625615169822,79.22738803568593,77.79421443160686,20.109557363403102,0
49.372004369945294,69.00009984877987,69.40308316256571,65.90999341582022,64.54809591283849,0
37.34116926508102,46.17743527118457,57.36467873398542,30.49754256906753,23.57947670094705,0
44.91808750558831,27.968385835198557,61.65226632032234,78.59792305511955,38.03250542336053,0
73.04922773250584,46.195161290615474,73.94013337041979,52.131711274542546,24.16672902434402,0
21.00754420408291,21.26856163038399,37.1341055998474,50.76958607450725,62.265681706457144,0
28.125084835484138,24.110958920497865,94.72504370425564,62.36512256006725,68.06129394448247,0
23.220184941522692,49.869421819158376,93.10948716100873,66.82388516630962,28.01413466461336,0
22.85101616232791,43.514035960363834,68.77442647602027,55.95350251320519,46.86872181314857,0
79.8822408807705,83.187672085448,34.965683819685886,18.966702245634004,51.93655562688794,0
69.25605015660166,38.99151192933065,71.01711818234685,33.67872541961489,45.83371152326416,0
53.19216803611276,56.44706802224348,25.414880673438187,74.96585482282349,28.471750033963513,0
26.848391245570102,60.58114303356243,22.298937665435453,25.723092829069635,49.326345313123284,0
54.41311125817826,11.047556527066691,39.32621663834102,36.051691668625935,72.58246334658926,1
53.143023954639595,63.08298976133685,54.69672175544872,40.24538180609372,24.970536517327883,0
32.124130893701064,24.242877349580112,85.12043790562853,40.758349278611654,25.61260098573324,0
50.369615446658116,86.88562539755641,74.5376802324731,52.905770774616784,44.833990428518895,0
47.895331407816144,21.893018220249036,75.70298908999858,76.01530864212953,85.92079981332475,0
63.109506863655156,43.1699298981619,51.91200008360565,26.848489828275348,66.80008527060399,0
64.45655556073507,16.82797344629151,45.945124441022216,18.505096341064267,67.50689696707954,1
23.171280684043115,89.74994014767579,47.8279072238452,23.82293429019561,45.33439935865054,0
46.22288302385299,50.175600826499405,94.07371728020433,72.08474301464886,61.55625538459769,0
63.810194099996544,57.630801385603505,23.008189355936185,55.20675688586442,20.709182881942038,0
55.21953810060614,15.366118191074198,85.02736220918364,30.01347524674121,64.52672324866796,0
79.95428888318256,69.99683763193423,63.40065564292951,67.11628572780322,83.93008633033656,0
66.10855421332616,26.79244744764686,52.89615643921928,70.29589974544052,62.88014278413734,0
31.40540989570008,81.84434315525709,74.39432453113524,69.25600370831947,81.15890154264414,0
24.93981231803009,26.411171238560573,56.50017060685271,74.32485735476881,70.67811388262658,0
64.96934947444208,25.255017653093326,85.50674285612455,27.65687141213531,28.43908914825832,0
21.855791737913528,12.92397342784759,87.55263980084439,62.85293501223948,83.17173151000893,0
61.00429068914243,47.765355608799936,51.62906951550916,42.2377648091898,24.65106910490424,0
85.81611689974703,55.187290661009314,40.76208479262887,68.9398987023043,57.377723078343465,0
60.28319245131153,15.25669115426819,64.42627464450217,60.99434740131292,29.949598665542037,0
47.17189483445654,72.04220933560084,88.42725092125183,64.35132125498072,20.819462751163286,0
65.03017529096472,46.26310677984221,35.799664175424994,55.93132863767501,49.54239820893473,0
52.07770233440616,51.951221546206405,66.7224937672612,22.42001386287948,40.652849535790935,0
58.193175252115445,45.26101975505825,67.36701650693904,48.15188432278568,54.02003456583221,0
85.90253661435676,42.06104487002608,74.98347668114607,78.92688176671557,60.40399207141856,0
47.027184646054195,54.771226504657434,29.867576384544485,75.61716465479833,23.061735061626315,0
87.283339467674,22.419219674457,73.68687235115664,13.022161505790816,28.610230658662196,0
83.37454493692447,24.55425043962169,88.17743904992308,21.537037101060598,59.10496775152978,1
33.70537943525075,78.94284968108138,33.47623316526815,19.22101414181933,44.021714722086074,0
24.855291061261582,85.68923697069062,37.81574936929083,60.81859369897069,71.04214412846136,0
27.054460096419866,39.864745302380236,92.85463205312297,67.24497308998616,65.66041540143578,0
21.275527795608483,31.659573851484303,33.57327145321173,24.945795641747033,79.19230540929348,0
26.611007252914987,61.51996345912126,84.07888200271843,45.40968850662803,68.47449786684578,0
67.81047413914499,42.698733687847714,56.92083923360261,68.849211960784,50.09517541731037,0
24.98320539221603,12.030908452827589,38.54233058023828,61.29610813363754,67.10766356761027,0
42.32829412056329,22.49220778929523,85.30624259543835,47.95660438442938,39.276682197879296,0
79.14127176786181,67.2777783077918,53.39789412519991,51.3243383321141,41.44194491447489,0
21.62903550150781,62.71391535281211,58.611301544726764,45.5852382841396,75.22896119445554,0
77.0127937812255,12.16767940027868,46.94250270498243,30.82839159231744,51.24936614811075,1
39.729834234137996,27.757772954635954,64.47131385761955,49.55153950013113,75.88662383628468,0
28.271537933515937,28.485983727045713,32.2642904438767,58.22197114350635,77.56956615677949,0
68.77160157549054,63.751419487898275,49.33111524888206,71.13260411025654,80.02936363628987,0
64.02599927459188,11.576843020349132,92.70592417514656,54.540394778547366,84.16446650888452,0
81.4230409468937,18.32868655876591,39.36000745258457,63.27850759302106,50.16896543593074,1
71.454973066272,73.99328682985515,69.25524984059692,21.20501444682011,42.32067728247972,0
76.24366512693939,24.28357296434669,44.389254816852116,42.309023209385295,60.75391226158797,1
39.742420079991454,62.219688628149974,78.01048442649505,10.65321338789653,45.98206964063393,0
32.4207680645806,29.05462248373812,29.815524553876237,27.26752051651361,62.07519167601631,0
72.54303261486008,17.955311420747613,92.73657838089085,60.85232005791034,69.39101038506772,0
76.47843174870849,29.453775279956325,54.03421560377294,79.42669659445544,68.18835129444957,0
89.33535994004713,67.78135454845273,37.703784750984795,16.942466971105112,46.218702091408495,0
48.88323738379985,78.45571744850287,25.51225604975095,38.10460211029017,31.680214118912698,0
46.04126600549482,76.41758916535933,32.731842881565555,66.00496780894116,50.13705369235453,0
74.34890725193978,41.77468236947639,58.98304614170132,24.28249442402292,29.98159008573361,0
43.85624781771125,63.44681092565169,45.27523823234647,48.85594645116004,82.30679246286658,0
85.15301279224953,26.398743633265678,82.16625244119571,61.31499072207723,44.21142225165002,0
80.08889262901083,33.45181842088106,52.31656427463545,53.118981518212536,30.812182305632664,0
50.02958191625129,81.70686548168958,38.653570444072244,23.16173142307913,21.781343193402563,0
72.56097474540482,11.040153880858883,66.28587399530225,34.87691980800176,65.2075670400539,1
72.81800118592776,16.840682468357446,73.00829126640843,64.8654249139778,64.58316222183203,0
27.21867081851528,26.630900411682184,32.52814309257124,48.79585598924116,43.84229166069042,0
83.17870346756968,12.122576309905577,32.57144122162383,10.366072948003891,25.01983221933557,1
55.36766607135,24.514834807183785,22.750357020015723,63.26935320196657,48.674022642666245,0
77.85202262754191,56.643324877575374,75.23015112992303,12.471794845816735,41.78522465443755,0
42.40347207214282,43.713964047399834,69.78533957163538,62.20136479118625,67.39844478145065,0
82.68662599473403,81.41373688615799,55.59731568123604,24.173639211566616,62.404547461688324,0
47.24411751139142,75.39548493907527,83.31278367268979,77.06514360835662,45.5215609738278,0
20.758635603620885,37.34538813583008,80.42526147125399,35.75585259114591,35.25247879784931,0
83.37673834934846,30.7538746745034,63.901577329756414,32.88521314366554,89.16251763089143,1
26.39006737502935,40.375392653381354,85.1203460384944,20.422163523271127,51.780113483728044,0
42.351954631329036,57.22359540118462,35.43809075275762,31.39229508431504,68.17919650461658,0
86.50433769355635,31.4450912658301,28.39397145482959,71.36555332797404,29.838707730485254,0
86.54250028562893,59.93191262793072,40.231220863774226,79.7434036339073,53.991278976157844,0
60.14065216863003,42.752932175299236,24.281514206698613,35.78166713547938,21.927570390862584,0
64.22860485188595,54.16377446815842,59.8377146000774,41.40274416681798,55.381858253731494,0
51.39118653848239,44.890122330825335,90.2454269221221,60.544965674191594,87.48121849823916,0
40.52475401886451,33.55726076335341,22.95076555013822,72.03370463255521,46.89446990900602,0
43.006518175894115,85.87626455697253,29.15824355075201,51.51310339307489,22.72972088024381,0
67.0762919253927,71.08846353278086,53.91492712125765,37.40679887244805,22.166905364354047,0
72.66621706063759,21.209054061316202,90.04062631459287,38.88352885940366,47.159073196280865,0
75.4105330608094,79.47743807183302,43.71170787325629,58.69327025477648,31.20174555242358,0
75.27326999561878,48.99449585996109,58.04261065162943,10.225278452299507,21.634646742973015,0
26.384427213408326,81.56417815152732,23.11796442877941,53.371253622188846,72.93495297651238,0
54.609421329180705,73.98842047578522,31.125740072156667,34.884510730895016,52.096610621732346,0
24.0291132011651,44.017080357538674,93.99725922191352,65.59381318939589,40.24713403808582,0
58.46702176266149,11.797544665609392,92.38390223270342,16.509344787619252,83.00582281115365,1
50.907135096136386,31.494188750795686,20.37049857008072,51.17415868638734,28.12972721403679,0
82.13929279308098,53.330737172869355,91.38588390674292,43.668102292028664,86.91431802687235,0
44.5640508786455,60.67825758609178,67.93399533616252,54.962786813365916,41.977670216414694,0
28.19469114993241,30.631014834656185,85.09387208900166,14.539751613807784,82.18825706160769,0
30.00941774369851,21.14848592582593,54.105489172539436,50.59886511996919,62.20600135356231,0
73.30574422022306,76.79441894394392,58.66970214344377,49.30392115716666,77.86951518190412,0
63.27526443213827,88.75217445628417,56.66349351926901,49.24620660913197,88.8809214247325,0
27.07858732859532,52.055214584214866,70.01481931595782,52.24413666175184,40.1883806473122,0
25.887476428049823,23.734342867864278,30.47384410672347,57.35275560584535,87.2794839785315,0
69.0678392021384,31.784586121549516,22.248019240450848,66.34922997765389,47.263732643169426,0
25.093410445493546,11.471254123797339,43.09474561933932,28.887450408975003,46.98583333158456,0
77.53020415032493,83.14390452483993,72.85105720524851,67.75345871260434,43.8270972978154,0
69.43695590095473,19.42008663121129,35.139008909221126,44.877897758441755,57.89853251433097,1
25.694414644932984,56.121318041140285,70.5074324993688,15.394079539403181,30.790153022494096,0
25.938639985963434,31.92441765497648,92.74340345804528,14.098565047078544,58.759803975060784,0
89.06477049508229,54.33424020126347,27.04255368420638,33.39668230872425,57.91933686870028,1
46.19895570292842,62.11363106814914,70.44515886688447,64.94278839780273,73.3331268823409,0
45.944950294682364,76.37934429657614,53.28126644784284,59.537665431864106,78.35549733563099,0
76.89596970802518,26.513701740848255,85.1106690783129,65.20304752706845,50.83089452186968,0
86.30740041687011,10.879666292678438,33.28623420855394,46.208833950912656,41.16332745460456,1
89.02007446760096,20.950850405504582,71.94694641696233,40.81392985688434,38.153442812196616,0
72.73647296812592,82.0014913478484,82.85864672360827,20.321676869439877,33.623668569341035,0
46.338170987164105,79.91120620500122,90.84606646055174,32.97349275265181,24.035330753931742,0
25.845050168906813,57.79304817362466,71.24360212172343,40.381355632171264,43.97135851842994,0
74.40028411492057,58.04134883469227,57.28810730063205,16.202030077573205,38.917338449154826,0
59.08829748150635,63.20293396370044,66.33854301509103,25.442836689784787,87.64921701064851,0
49.69554064728834,24.029702289875967,85.16787383590386,51.87577058446172,59.03961783750307,0
83.44480695663151,83.15295567399679,62.79573099791222,61.49641799674329,44.30939273213553,0
27.783823761430593,43.50164199136585,22.279029477262764,79.88432579750648,60.63273206955872,0
54.48375730036014,40.65108225995979,89.82115216302333,75.31793319404903,29.743769094198683,0
20.794755133719335,51.513416422627,71.71450632736708,54.979563967463406,51.08306244415421,0
52.80624493958884,13.757277342004404,70.73850393329349,39.487363730585045,63.83640249947447,0
23.941229297728615,23.302669500486353,36.175636429828785,54.53241552957629,54.222848225471594,0
28.317254138765037,69.04268931410964,69.4164102674493,64.99561326561624,48.12451604580269,0
28.22683727439734,16.623893434010117,49.53983042406189,18.283533364637112,89.56938722297888,1
65.44472114812444,58.252168757311054,68.8424732781119,38.693342278740175,81.62203335042489,0
72.22314154857963,29.627928774505676,27.994477273099303,68.7861599944932,63.63841707116081,1
60.83581355680117,41.143649123358124,69.3383978452277,36.868306635313076,59.85641528275979,0
87.35207839321794,33.09549894165599,94.9560294328,50.03105898590306,63.44623358772088,0
46.24094056665928,38.45381731719593,23.615902914541703,51.143855260353874,34.091847547570325,0
39.99984603973025,67.52367241473964,93.2880638165988,22.913337719354757,47.659642028502304,0
80.80193897326222,33.769737249854,50.518097054215296,35.356480915660185,22.762167302362954,0
35.65170869636168,55.312371223751775,85.30650877529443,33.415790211935246,53.28822262407787,0
87.4255777608428,48.08403217592797,78.6789113043705,11.833769597244535,58.011720877036424,0
20.850813228287144,63.09369322901185,62.52621957400009,11.693423472394867,35.94248152722467,0
87.89151786953474,84.94637914598064,75.38369069384949,68.21879305730414,87.48201930158596,0
23.021193836540327,68.60576777682002,85.88866709760109,29.11495669809687,83.66182276560694,0
82.38001795886498,27.195230287260543,50.31052412382748,46.26551363671708,70.55002648191342,1
56.93907763604099,12.494650804902774,44.5274871172429,30.910790151214115,57.33706401357538,1
89.50753572835103,30.98112354398601,70.06950391726886,75.84754715807384,80.89784117533794,1
25.16575953147792,57.60623445602039,80.58844564559439,28.150773120604164,29.145664067642404,0
58.76979990809245,14.114065078740028,77.17138510824618,40.07597689172546,75.33568559924194,0
87.85117749333693,49.70929977609891,79.83602366439759,71.09111753392213,28.73745697767938,0
56.61684909191042,57.74742791335114,52.66874861096998,68.93534967542661,75.59474637845838,0
64.05790466946837,36.73951126535687,81.33756621312662,23.027099249239413,39.30372977759499,0
68.7024082289232,71.67297629966575,29.015679152795634,66.18503168569973,81.39634067127322,0
51.817874533744124,18.527860250701742,60.836682347063714,42.073082071652486,86.08294656777785,1
63.92906560588444,16.0110225388647,20.43189953735912,43.80782104597486,30.415717858358093,1
60.90200183461702,68.25510049628826,44.34393724252027,19.343598069116062,52.387292354577546,0
83.08106073436923,49.63930529649588,47.48461511535484,15.642105962998727,88.66911647138795,1
23.18124662390205,65.07219171421889,49.712951870694155,60.955751488163564,53.83852051812026,0
39.66742327145612,44.7861870882997,72.16004050173967,44.75228066487098,80.44832657601816,0
86.52880388535911,29.712162659128545,49.14185759527593,40.57954918306257,61.21120654919239,1
82.31846487236413,75.52818541393597,53.6520216966898,61.06557600566777,46.27309355437213,0
51.895972694999905,73.95327031751833,37.81580981557456,63.58590292937768,40.00484888681092,0
63.40928184610757,65.57571766835414,47.993884372200505,21.12357173685475,34.22561637602611,0
39.41668280867928,31.771610978397014,37.04522204473636,52.71576046343489,73.32587339643881,0
33.16848118066329,57.21845334952697,25.489694282633273,19.474785759437985,47.05783547761195,0
52.45888834579875,38.87791175520214,65.25864450360334,62.596256022033195,55.78928235405258,0
44.7346559618237,17.326565866130732,70.11595989162622,55.98686093869976,54.46278360008274,0
60.85592782956105,83.38508603697943,66.46177595072109,76.96302347584206,60.409532046319185,0
25.441424587548937,20.945490473516912,54.762053285042924,14.827061144949482,80.59040019371866,0
88.20763653663165,86.0189883056642,48.48393351344224,13.993830480587803,88.65175405084005,1
89.0347521135722,45.68046183663646,84.75002371788689,29.75309522852401,48.53089460016719,0
